run_id,scenario_id,method,status,elapsed_seconds,revenue,service_cost,activation_cost,profit,gap_to_full_pht,internal_pht_calls,menu_indices,menu_labels,prices_rational,group0_demand_L,group0_demand_M,group0_demand_H,group0_exit,group1_demand_L,group1_demand_M,group1_demand_H,group1_exit
APP53-negative--FULL_PHT_EXACT,APP53-negative,FULL_PHT_EXACT,COMPLETED_VERIFIED,0.1145304749989009,312,76,2,234,0,1,1;2,M;H,6;6,0,28,0,12,0,0,24,16
APP53-negative--GREEDY_ADD_ONE_EXACT,APP53-negative,GREEDY_ADD_ONE_EXACT,COMPLETED_VERIFIED,0.06449012300072354,312,76,2,234,0,5,1;2,M;H,6;6,0,28,0,12,0,0,24,16
APP53-negative--ENDPOINTS_ONLY_EXACT,APP53-negative,ENDPOINTS_ONLY_EXACT,COMPLETED_VERIFIED,0.06437118499889039,228,48,2,178,56,3,0;2,L;H,3;6,28,0,0,12,0,0,24,16
APP53-independent--FULL_PHT_EXACT,APP53-independent,FULL_PHT_EXACT,COMPLETED_VERIFIED,0.06452207199981785,300,60,2,238,0,1,1;2,M;H,6;9,0,20,0,20,0,0,20,20
APP53-independent--GREEDY_ADD_ONE_EXACT,APP53-independent,GREEDY_ADD_ONE_EXACT,COMPLETED_VERIFIED,0.06451258800007054,300,60,2,238,0,5,1;2,M;H,6;9,0,20,0,20,0,0,20,20
APP53-independent--ENDPOINTS_ONLY_EXACT,APP53-independent,ENDPOINTS_ONLY_EXACT,COMPLETED_VERIFIED,0.06430318300044746,240,40,2,198,40,3,0;2,L;H,2;8,30,0,0,10,10,0,20,10
APP53-positive--FULL_PHT_EXACT,APP53-positive,FULL_PHT_EXACT,COMPLETED_VERIFIED,0.06439980800132616,324,68,2,254,0,1,1;2,M;H,6;9,0,12,0,28,0,0,28,12
APP53-positive--GREEDY_ADD_ONE_EXACT,APP53-positive,GREEDY_ADD_ONE_EXACT,COMPLETED_VERIFIED,0.06464150200190488,324,68,2,254,0,5,1;2,M;H,6;9,0,12,0,28,0,0,28,12
APP53-positive--ENDPOINTS_ONLY_EXACT,APP53-positive,ENDPOINTS_ONLY_EXACT,COMPLETED_VERIFIED,0.06455289799851016,288,56,2,230,24,3,0;2,L;H,2;8,24,0,0,16,8,0,28,4
