run_id,scenario_id,method,type,trust,theta,weight,choice,utility,choice_label
APP53-negative--FULL_PHT_EXACT,APP53-negative,FULL_PHT_EXACT,low-theta1,0,1,4,-1,0,EXIT
APP53-negative--FULL_PHT_EXACT,APP53-negative,FULL_PHT_EXACT,low-theta2,0,2,8,-1,0,EXIT
APP53-negative--FULL_PHT_EXACT,APP53-negative,FULL_PHT_EXACT,low-theta3,0,3,12,1,0,M
APP53-negative--FULL_PHT_EXACT,APP53-negative,FULL_PHT_EXACT,low-theta4,0,4,16,1,2,M
APP53-negative--FULL_PHT_EXACT,APP53-negative,FULL_PHT_EXACT,high-theta1,1,1,16,-1,0,EXIT
APP53-negative--FULL_PHT_EXACT,APP53-negative,FULL_PHT_EXACT,high-theta2,1,2,12,2,0,H
APP53-negative--FULL_PHT_EXACT,APP53-negative,FULL_PHT_EXACT,high-theta3,1,3,8,2,3,H
APP53-negative--FULL_PHT_EXACT,APP53-negative,FULL_PHT_EXACT,high-theta4,1,4,4,2,6,H
APP53-negative--GREEDY_ADD_ONE_EXACT,APP53-negative,GREEDY_ADD_ONE_EXACT,low-theta1,0,1,4,-1,0,EXIT
APP53-negative--GREEDY_ADD_ONE_EXACT,APP53-negative,GREEDY_ADD_ONE_EXACT,low-theta2,0,2,8,-1,0,EXIT
APP53-negative--GREEDY_ADD_ONE_EXACT,APP53-negative,GREEDY_ADD_ONE_EXACT,low-theta3,0,3,12,1,0,M
APP53-negative--GREEDY_ADD_ONE_EXACT,APP53-negative,GREEDY_ADD_ONE_EXACT,low-theta4,0,4,16,1,2,M
APP53-negative--GREEDY_ADD_ONE_EXACT,APP53-negative,GREEDY_ADD_ONE_EXACT,high-theta1,1,1,16,-1,0,EXIT
APP53-negative--GREEDY_ADD_ONE_EXACT,APP53-negative,GREEDY_ADD_ONE_EXACT,high-theta2,1,2,12,2,0,H
APP53-negative--GREEDY_ADD_ONE_EXACT,APP53-negative,GREEDY_ADD_ONE_EXACT,high-theta3,1,3,8,2,3,H
APP53-negative--GREEDY_ADD_ONE_EXACT,APP53-negative,GREEDY_ADD_ONE_EXACT,high-theta4,1,4,4,2,6,H
APP53-negative--ENDPOINTS_ONLY_EXACT,APP53-negative,ENDPOINTS_ONLY_EXACT,low-theta1,0,1,4,-1,0,EXIT
APP53-negative--ENDPOINTS_ONLY_EXACT,APP53-negative,ENDPOINTS_ONLY_EXACT,low-theta2,0,2,8,-1,0,EXIT
APP53-negative--ENDPOINTS_ONLY_EXACT,APP53-negative,ENDPOINTS_ONLY_EXACT,low-theta3,0,3,12,0,0,L
APP53-negative--ENDPOINTS_ONLY_EXACT,APP53-negative,ENDPOINTS_ONLY_EXACT,low-theta4,0,4,16,0,1,L
APP53-negative--ENDPOINTS_ONLY_EXACT,APP53-negative,ENDPOINTS_ONLY_EXACT,high-theta1,1,1,16,-1,0,EXIT
APP53-negative--ENDPOINTS_ONLY_EXACT,APP53-negative,ENDPOINTS_ONLY_EXACT,high-theta2,1,2,12,2,0,H
APP53-negative--ENDPOINTS_ONLY_EXACT,APP53-negative,ENDPOINTS_ONLY_EXACT,high-theta3,1,3,8,2,3,H
APP53-negative--ENDPOINTS_ONLY_EXACT,APP53-negative,ENDPOINTS_ONLY_EXACT,high-theta4,1,4,4,2,6,H
APP53-independent--FULL_PHT_EXACT,APP53-independent,FULL_PHT_EXACT,low-theta1,0,1,10,-1,0,EXIT
APP53-independent--FULL_PHT_EXACT,APP53-independent,FULL_PHT_EXACT,low-theta2,0,2,10,-1,0,EXIT
APP53-independent--FULL_PHT_EXACT,APP53-independent,FULL_PHT_EXACT,low-theta3,0,3,10,1,0,M
APP53-independent--FULL_PHT_EXACT,APP53-independent,FULL_PHT_EXACT,low-theta4,0,4,10,1,2,M
APP53-independent--FULL_PHT_EXACT,APP53-independent,FULL_PHT_EXACT,high-theta1,1,1,10,-1,0,EXIT
APP53-independent--FULL_PHT_EXACT,APP53-independent,FULL_PHT_EXACT,high-theta2,1,2,10,-1,0,EXIT
APP53-independent--FULL_PHT_EXACT,APP53-independent,FULL_PHT_EXACT,high-theta3,1,3,10,2,0,H
APP53-independent--FULL_PHT_EXACT,APP53-independent,FULL_PHT_EXACT,high-theta4,1,4,10,2,3,H
APP53-independent--GREEDY_ADD_ONE_EXACT,APP53-independent,GREEDY_ADD_ONE_EXACT,low-theta1,0,1,10,-1,0,EXIT
APP53-independent--GREEDY_ADD_ONE_EXACT,APP53-independent,GREEDY_ADD_ONE_EXACT,low-theta2,0,2,10,-1,0,EXIT
APP53-independent--GREEDY_ADD_ONE_EXACT,APP53-independent,GREEDY_ADD_ONE_EXACT,low-theta3,0,3,10,1,0,M
APP53-independent--GREEDY_ADD_ONE_EXACT,APP53-independent,GREEDY_ADD_ONE_EXACT,low-theta4,0,4,10,1,2,M
APP53-independent--GREEDY_ADD_ONE_EXACT,APP53-independent,GREEDY_ADD_ONE_EXACT,high-theta1,1,1,10,-1,0,EXIT
APP53-independent--GREEDY_ADD_ONE_EXACT,APP53-independent,GREEDY_ADD_ONE_EXACT,high-theta2,1,2,10,-1,0,EXIT
APP53-independent--GREEDY_ADD_ONE_EXACT,APP53-independent,GREEDY_ADD_ONE_EXACT,high-theta3,1,3,10,2,0,H
APP53-independent--GREEDY_ADD_ONE_EXACT,APP53-independent,GREEDY_ADD_ONE_EXACT,high-theta4,1,4,10,2,3,H
APP53-independent--ENDPOINTS_ONLY_EXACT,APP53-independent,ENDPOINTS_ONLY_EXACT,low-theta1,0,1,10,-1,0,EXIT
APP53-independent--ENDPOINTS_ONLY_EXACT,APP53-independent,ENDPOINTS_ONLY_EXACT,low-theta2,0,2,10,0,0,L
APP53-independent--ENDPOINTS_ONLY_EXACT,APP53-independent,ENDPOINTS_ONLY_EXACT,low-theta3,0,3,10,0,1,L
APP53-independent--ENDPOINTS_ONLY_EXACT,APP53-independent,ENDPOINTS_ONLY_EXACT,low-theta4,0,4,10,0,2,L
APP53-independent--ENDPOINTS_ONLY_EXACT,APP53-independent,ENDPOINTS_ONLY_EXACT,high-theta1,1,1,10,-1,0,EXIT
APP53-independent--ENDPOINTS_ONLY_EXACT,APP53-independent,ENDPOINTS_ONLY_EXACT,high-theta2,1,2,10,0,0,L
APP53-independent--ENDPOINTS_ONLY_EXACT,APP53-independent,ENDPOINTS_ONLY_EXACT,high-theta3,1,3,10,2,1,H
APP53-independent--ENDPOINTS_ONLY_EXACT,APP53-independent,ENDPOINTS_ONLY_EXACT,high-theta4,1,4,10,2,4,H
APP53-positive--FULL_PHT_EXACT,APP53-positive,FULL_PHT_EXACT,low-theta1,0,1,16,-1,0,EXIT
APP53-positive--FULL_PHT_EXACT,APP53-positive,FULL_PHT_EXACT,low-theta2,0,2,12,-1,0,EXIT
APP53-positive--FULL_PHT_EXACT,APP53-positive,FULL_PHT_EXACT,low-theta3,0,3,8,1,0,M
APP53-positive--FULL_PHT_EXACT,APP53-positive,FULL_PHT_EXACT,low-theta4,0,4,4,1,2,M
APP53-positive--FULL_PHT_EXACT,APP53-positive,FULL_PHT_EXACT,high-theta1,1,1,4,-1,0,EXIT
APP53-positive--FULL_PHT_EXACT,APP53-positive,FULL_PHT_EXACT,high-theta2,1,2,8,-1,0,EXIT
APP53-positive--FULL_PHT_EXACT,APP53-positive,FULL_PHT_EXACT,high-theta3,1,3,12,2,0,H
APP53-positive--FULL_PHT_EXACT,APP53-positive,FULL_PHT_EXACT,high-theta4,1,4,16,2,3,H
APP53-positive--GREEDY_ADD_ONE_EXACT,APP53-positive,GREEDY_ADD_ONE_EXACT,low-theta1,0,1,16,-1,0,EXIT
APP53-positive--GREEDY_ADD_ONE_EXACT,APP53-positive,GREEDY_ADD_ONE_EXACT,low-theta2,0,2,12,-1,0,EXIT
APP53-positive--GREEDY_ADD_ONE_EXACT,APP53-positive,GREEDY_ADD_ONE_EXACT,low-theta3,0,3,8,1,0,M
APP53-positive--GREEDY_ADD_ONE_EXACT,APP53-positive,GREEDY_ADD_ONE_EXACT,low-theta4,0,4,4,1,2,M
APP53-positive--GREEDY_ADD_ONE_EXACT,APP53-positive,GREEDY_ADD_ONE_EXACT,high-theta1,1,1,4,-1,0,EXIT
APP53-positive--GREEDY_ADD_ONE_EXACT,APP53-positive,GREEDY_ADD_ONE_EXACT,high-theta2,1,2,8,-1,0,EXIT
APP53-positive--GREEDY_ADD_ONE_EXACT,APP53-positive,GREEDY_ADD_ONE_EXACT,high-theta3,1,3,12,2,0,H
APP53-positive--GREEDY_ADD_ONE_EXACT,APP53-positive,GREEDY_ADD_ONE_EXACT,high-theta4,1,4,16,2,3,H
APP53-positive--ENDPOINTS_ONLY_EXACT,APP53-positive,ENDPOINTS_ONLY_EXACT,low-theta1,0,1,16,-1,0,EXIT
APP53-positive--ENDPOINTS_ONLY_EXACT,APP53-positive,ENDPOINTS_ONLY_EXACT,low-theta2,0,2,12,0,0,L
APP53-positive--ENDPOINTS_ONLY_EXACT,APP53-positive,ENDPOINTS_ONLY_EXACT,low-theta3,0,3,8,0,1,L
APP53-positive--ENDPOINTS_ONLY_EXACT,APP53-positive,ENDPOINTS_ONLY_EXACT,low-theta4,0,4,4,0,2,L
APP53-positive--ENDPOINTS_ONLY_EXACT,APP53-positive,ENDPOINTS_ONLY_EXACT,high-theta1,1,1,4,-1,0,EXIT
APP53-positive--ENDPOINTS_ONLY_EXACT,APP53-positive,ENDPOINTS_ONLY_EXACT,high-theta2,1,2,8,0,0,L
APP53-positive--ENDPOINTS_ONLY_EXACT,APP53-positive,ENDPOINTS_ONLY_EXACT,high-theta3,1,3,12,2,1,H
APP53-positive--ENDPOINTS_ONLY_EXACT,APP53-positive,ENDPOINTS_ONLY_EXACT,high-theta4,1,4,16,2,4,H
